"Product Name"," Product Code"," Expected"," Counted"
SEAL," PISTON"," HIGH PRESSURE"," CPP"," OEM LC PMP",00107-18008,5,
COIL," PROPORTIONING VALVE"," SRVYR MS PU ( 10158)",00201-11344,2,
"ROTAVISC LO-VI COMPLETE",0025000310,1,
SEAL," WASH"," LPUMP"," TNR",00950-01-00084,1,
SEAL," HIGH PRESSURE"," POLYETHYLENE"," OEM",00950-30004,2,
ASSY," CHECK VALVE"," OUTLET"," OEM LC PUMP",00950-30021,1,
ASSY," CHECK VALVE"," INLET"," OEM LC PUMP",00950-30026,1,
"O-RING P5 PERFLOURELASTOMER"," OEM LC",00950-30029,3,
O-RING-018,014895,3,
PolyVials," 5 mL"," Pkg. of 250 ea.",038008,2,
ASSY," KIT"," SAMPLE TIP"," AS40/ASM",040835,2,
ASSY,"CK VLV",OT,SB,2B,GP/GS,PK,045721,1,
ASSY,"CK VLV",IN,SB,2B,GP/GS,PK,045722,1,
FLTR,END-LINE,ELU,"1/4-28 UHMW PE",045987,2,
SEAL," PISTON RINSE"," SB"," RoHS",048722,2,
ASSY," SEAL"," NDL"," 12"," PK"," AS50",054811,1,
"AUTOSELECT POLYVIAL 10ML VIALS CAPS SEPTA QUANTITY 100 EACH",055058,1,
O-RING," -008"," 0.176X.070"," WHT PRF",055752,2,
SEAL,PISTON,SB,UHMW/TFE,PK,055870,2,
ASSY,TIP,SAMPLE,AS-DV,071575,3,
"COMPRESSOR ASSY PRECISION GAST  110 VT",08-8377,-1,
"18MM BLUE SILICONE/PTFE SEPTA125/PK",18-ST101,2,
"KIT SIRINGA RISCALDATA 2.5ML HT",190.053.27,1,
"IKA Pette vario 10-100uL",20011214,1,
"IKA Pette vario 20-200uL",20011215,5,
"IKA Pette vario de 100-1000uL",20011216,3,
"IKA Pette vario de 0.5-5mL",20011217,2,
"IKA Pette vario de 1-10mL",20011218,3,
"IKA Pette fixed 1000uL",20011228,1,
"PIPETTE TIP 5ML"," TRANSPARENTE"," PK/250",20017829,9,
"PIPETTE TIP 10ML"," UNIVERSAL"," PK/200",20017831,1,
"PIPETTE TIP 10ML"," UNIVERSAL"," PK/100",20017831,10,
"SPANNER FOR JET FID",20501900,1,
"TERMIN FITTING X ECD ELECTRODE",20601602,1,
"FLAME IGNT/COIL",20601603,3,
"COLLECTING ELECTRODE PIN",20601604,2,
"SPRING PIN SPA-3D-1",20603100,1,
"20 ML CRIMP TOP VIAL - CLR"," 125 PK",20-CV,1,
"20MM BL SIL/PTFE 1.01 MM 500PK",20-ST101,1,
"ANNUAL SERVICE KIT NG10L-HP 08-8221",2308912,1,
COLUMN," HYPERSIL GOLD 50X2.1MM"," 1.9UM"," C18",25002-052130,2,
"HYPERSIL GOLD 5UM 150X3MM COLUMN",25005-153030,1,
"HYPERSIL GOLD 5UM 150X4.6MMCOLUMN",25005-154630,1,
"HYPERSIL GOLD 5UM 250X4MMCOLUMN",25005-254030,1,
"HYPERSIL GOLD 5UM 300X4.6MMCOLUMN",25005-304630,1,
"250X4.6MM 5UM HYPERSIL GOLDSILICA",25105-254630,2,
"CLIP HOSE",251370613606,2,
"150X4.6MM 5UM HYPERSIL GOLDAMINO",25705-154630,1,
"HYPERSIL GOLD AMINO DIM 250X4.6MM",25705-25430,1,
"HYPERSIL GOLD CN 5UM150X4.6MM COLUMN",25805-154630,1,
"HYPERSIL GOLD PHENYL 5UM150X4.6MM COLUMN",25905-154630,1,
"HYPERSIL GOLD PHENYL 5UM250X4.6MM COLUMN",25905-254630,1,
"TG-5SILMS GC COLUMN 30M X0.25MMX0.25?M",26096-1420,1,
"GC COLUMN END CAPS"," PK/10 CAPS",260EC111,1,
"60M TR-WAX GC COLUMN 0.32 ID","1UM FILM",260W309P,1,
"R182 Pinza en cruz",2657700,1,
"Rec Quartz Cell Lidded 10 mm",268-808900,7,
"POLARIZING ELECTRODE ASSY",27702330,1,
"BDS HYPERSIL C18 250X4.6MM",28105-254630,1,
"O-RING PAROFLUOR 2-010 (PKG 5)",29001320,2,
"FID Insulator ring",29004612,2,
"GRAPHITE SEALING RING FORTHERMO LINERS"," pk10",29033406,2,
"SILVER SEAL FOR DETECTOR BASEBODY"," 10/PK",29037100,9,
"GRAPHITE FERRULE 0.8 ID"," FORUSE WITH COL",29053486,5,
"GRAPHITE FERRULE 0.45 ID"," FORUSE WITH CO",29053487,1,
"FERRULE CAP GRAPH 0.38MM ID"," PK10",29053488,2,
"BRASS NUT FOR NON THERMO MS DETECTORS PK 2",290BT239,1,
"CAPILLARY COLUMN NUT SS MS DETECTORS 5/PK",290BT242,2,
"VITON O RING"," PK 10",290OA241,2,
"GRAPHITE VESPEL FERRULE 0.1-0.25MM. PK 10",290VA191,1,
"VESPEL FERRULE FOR AGILENTCAPILLARY NUT",290VA192,2,
"GRAPHITE VESPEL FERRULE FOR 0.1-0.25 PK 10",290VT186,1,
"ODS HYPERSIL 5UM 250X3MM COLUMN",30105-253030,1,
"FID collector insulator",30202400,2,
"APS-HYPERSIL-2 5UM 10X4MM DROP-IN GUARDS 4/PK",30705-014001,1,
"SEPTA COATED BTO X-145 17MMPK/50",31303211,2,
"SEPTA BTO 11MM PK/50",31303233,2,
"BTO SEPTA 11MM 50/PK",31303233-BP,1,
"SEPTA COATED BTO 9MM CENTER GUIDE 50/PK",31303240,2,
"TR-GREEN 9MM"," PK50",313G3240,1,
"R1826 PLATE STAND",3160100,1,
"IQ STANDARD UV-DET.",3321.0010A,1,
"OQ/PQ SUBSTANCES",3323.0010,8,
"RH BASIC 2",3339001,2,
"LAMPS TUNGSTEN (2/PKG)",335423-000,4,
"MIRROR ASSEMBLY SAMPLE G10S",335901-115S,1,
"LAMP G10 VIS TUNGSTEN",335923-000,1,
"CALIBRATION MIXT.1ML","FID DET.",33819020,4,
"TERMINAL FITTING",34705451,1,
"ADPTR CAPL COLUMN (2 EA)",34725436,2,
"C-MAG HS7 (AGITADOR MAGN?TICO)",3581200,2,
"C-MAG HS 7",3581201,1,
"RW20 DIGITAL",3593000,1,
"10uL FN SYRINGE"," 57MM LENGTH 26s GAUGE"," CONE 1/PK",365D0291,2,
"10UL FN SYRINGE"," 50MM LGTH26 GAUGE"," CONE"," PK6",365D1856,4,
"2.5ML GN GT HS SYRINGE","65MM LGTH"," 23 GAUGE 1/PK",365Q2131,1,
"GAUZE DISC",401316183842,3,
"SP9 SEAL",401316413761,1,
"IMPACT BEAD",401316413796,4,
"BAFFLE/ SP9 BAFFLE",401316413822,3,
"SPIDER / SP9 SPIDER",401316413832,6,
SP9,401316413841,3,
SPACER,401316495812,2,
"FS90 CAROUSEL COVER FEET",401316686641,1,
"939 WINDOW 09X1",401316858231,3,
"939/959 OVER TEMP SENSOR",401322190121,1,
"FID Ceramic flame jet",40402200,1,
"NOZZLE HT X DETECTOR FID/NPD",40404301,3,
"FURNACE AUTOSAMPLER",420117941581,1,
"O RING KIT (FLUOROCARBON)",420199900002,2,
"S Series Gas Box PCB",420217941593,1,
"Tygon Tubing1.6mm ID X 0.8mm Wall",420522800031,1,
"M1 mirror sub assembly - Radial (spares)",430117220431,1,
"PERISTALTIC PUMP ASSY (4 CHANNEL) (MK2)",430122821711,1,
"AQUEOUS KIT",430122822321,1,
TITAN3," 17MM FILTER GREEN NYLON MEMBRANE 200PK",44513-NN,2,
Titan3," 17mm FILTER RED 0.45um PVDF MEMBRANE 200/PK",44513-PV,6,
"SSL LINER 4MM ID 78.5MM",453A1355,1,
"SSL LINER 4MM ID 78.5MM",453A1925,1,
"FOCUSLINER FOR AGILENT",4MMID," 78.5MM"," P",453A2265,1,
"INJECTION LINER"," TH 5MM ID"," 105 MM"," PK 5 BATCH F08-A4238",453T1905-UI,6,
"GC Injection Port Liner"," 5x8x105 Splitless 5/pk",453T2999,3,
"ANTARIS II SMPL MOD CVR SPHERE",470-281400,1,
"RH BASIC",5019701,1,
"MOTOR ASSEMBLY TURNTABLE MARS",574106,1,
"RHEODYNE SS FITTING NUT & FERRULE SET 1/16 5/PKG",6000-109,4,
"HYPERREZ XP 5X3MM GUARD CARTRIDGE HOLDER",60002-354,1,
"ASSY TRANSFER TUBE VALCO C2 6P",60053-60014,3,
"Aluminium Crimp Cap (20mm) with Si/PTFE Seal 100/pk",60180-511,8,
"20MM CRIMP CAP EMPTY 100Pk",60180-512,5,
"CRP CAP 20MM BL AL/TN MAG T/S 100/PK",60180-520,5,
"SCREW TOP VIALS 2ML AMBER 8MMPK 100",60180-560,15,
"CLICK-ON CONNECTOR SET-1/8 BRASS",60180-809,1,
"PEEKSIL CAPILLARY TUBING 1/16 OD X 0.175MM ID X 20CM",60182-507,2,
"HYPERCLEAN 17MM SYRINGE FILTER"," 0.45UM PVDF"," 100PK",60183-208,2,
"DEGASSER CHAMBER SYSTEC ANALY 670UL",6030.9289,1,
"Saphire piston 2pcs",VF-P20,"2G Pumps",6040.0042,1,
"SEAL RP FOR PUMP RS/SD"," 2 PCS",6040.0304,3,
"PISTON SEAL NP FOR PUMP SD"," 2PCS",6040.0306,4,
"Maintenance Kit LPG3400 SD",6040.1951,4,
"Maintenance Kit LPG3400 RS",6040.1954A,1,
"Kit Degasser Pump LPG- RS/SD",6040.1981,1,
"VIPER CAP"," IDXL 0.18X350MM",SST,6040.2375,1,
"Viper SST 0.18X250mm",6040.2385,2,
"VLV CARTRIDGE ",ZRO-CERAMIC,NCS/NCP,2G,6041.2301,1,
UV-LAMP,6074.1110,5,
VIS-LAMP,6074.2000,1,
"Nebulizer (SST) Corona Veo"," VH-",VF-D2,6081.1247,1,
"Gas filter kit corona veo",6081.7062,2,
"Maintenance Kit Corona Veo",6081.9901,1,
"TUNGSTEN LAMP VF/C-D1X/D4",6083.200,2,
"PISTON SEAL"," ANALYT"," RP"," W/O FLANGE"," BIO",6266.0305,4,
"VIPER SST 0.18X350MM",640.2375,1,
"Rotor Seal Kit 2p-6p HP valve SST 413bar/6000psi",6722.9012,1,
"3-PORT VALVE",6820.0030,1,
"Needle Port"," analyt"," micro a pcs"," WPA Sl"," SR"," TXRS"," PK/2",6820.0047A,3,
"SAMPLE NEEDLE WPS SL",6820.2403,3,
"Sample needle viper WPS",6820.2432,3,
"Sample Loop Analyt","100uL Viper"," WPS SL",RS,6820.2451,1,
"Sample Loop Micro"," 25uL"," Viper WPS SL",RS,6820.2452,1,
"Sample Loop"," 250uL"," Viper"," WPS SL",RS,6820.2453,1,
"Needle Seat Cap.","Analyt.3.1uL Viper"," WPS SL",RS,6820.2464,1,
"Buffer tubing 250uL"," Viper WPS SL",RS,ACC,6820.2468,1,
"injector capilar outlet",6820.2469,2,
"Needle 15 uL"," ID 250",6820.3115,1,
"100uL syringe for WPS",6822.0002,3,
"250uL syringe for WPS",6822.0003,8,
"Needle Seat"," 2pcs.","WPS TBRS",6841.0047,2,
"KBR DISC 25X4MM",7000-317,2,
"BETASIL C8 125X4MM",70205-124030,1,
"BETASIL C6 5 UN  //10X4MM",70305-014001,1,
"BETASIL CN 5UM 250X4.6MM COLUMN",70805-254630,1,
"TOPPETTE SINGLE CHANNEL PIPETTOR"," VOLUME 10-100uL",711111089999,3,
MICROPETTE," SINGLE-CHANNEL PIPETTOR  2-10ML",712111339999,2,
"MICROPETTE PLUS"," AUTOCLAVABLE PIPETTOR SINGLE CHANNEL 0.5-10UL",713111049999,3,
"NICOLET 380 OBC BOARD",714-000600,1,
"ANTARIS II rear panel assembly",714-001200,1,
"iS10 iS20 iZ10 DTGS Detector",714-008300,1,
"iS10 IR Source",714-016200,2,
"R 1342 Varilla agitadora de helice"," 4-palas",741000,1,
"TUNGSTEN LAMP UV6000LP",803247,1,
"TUBING PEEK (IN) 2EA UV6000LP",803260,1,
"VISIONlite 5 Software",834-091300,1,
"OMNIC SOFTWARE SUITE FOR FT-NIR AND RAMAN SPECTROSCOPY",834-103400,1,
"IS10 DESICCANT REPLACEMENT",840-192400,3,
"Centre tube 1mm ID",842312051341,4,
"SAMPLING O RING KIT",842312051401,2,
"SAMPLE PROBE TO CAPILLARY TUBING",842312051491,2,
"Pump tubing aqueous sample (pack 6)",842312051511,2,
"Pump tubing aqueous drain (pack 6)",842312051521,2,
"Solvent Flex Pump Sample Tubing(Pk of 6)",842312051621,4,
"Solvent Flex Pump Drain Tubing(Pk of 6)",842312051631,5,
"DUO TORCH",842312051841,1,
"INJECTOR TUBE 1.0",842312051941,1,
"CENTRE TUBE 2MM",842312051971,1,
"Standard Argon Gas Filter Kit",842312052121,2,
"Aqueous Mini Pump Sample Tubing",842312052401,3,
"Organics Mini Pump Sample Tubing",842312052421,2,
"Organics Mini Pump Drain Tubing",842312052431,2,
"CONCENTRATED CORROSION INHIBITOR",842312052621,2,
"Replacement Test Solutions-for iCAP Val.",842313050711,1,
"3 SIEVE + TUBING KIT",842315550331,2,
"RF Generator Coil Assy.Mk2 - Spares",842315550391,1,
"Gasket Set - Spares",842315550401,2,
"SOLENOID VALVE KIT",842315550471,2,
"Bench-Top Water Quality Meter",860033,1,
"SPARE GF SYRINGE (FOR GF33/35/35Z)",942315500191,1,
"Capillary Tube 0.5mm ID",942339005421,4,
"INERT NEBULISER9400/9000",942339005481,2,
"Silicon Uncoded HollowCathode Lamp",942339020141,1,
"VANADIUM UNCODED HOLLOW CATHODE LAMP",942339020231,3,
"Chromium Uncoded HollowCathode Lamp",942339020241,1,
"Aluminium Data Coded Hollow Cathode Lamp",942339030131,1,
"Potassium Data Coded Hollow Cathode Lamp",942339030191,2,
"T CELL (pair)",942339060101,2,
"Polypropylene Sample Cups (Pk of 1000)",942339380031,5,
"SPARE SAMP CAPILLARY TIPS (PK 10) FS90+",942339381261,3,
"Contact Cones - Standard Furnace",942339395011,5,
"CUV NORM ELECTROGRAPHITBOX10 CUVETTES",942339395031,4,
"CUV EXTENDED LIFETIME(10)",942339395041,1,
"CUV 10 PYRO COATED ELECTROGRAPHITE",942339395071,2,
"Contact Cones - Zeeman Furnace",942339395161,1,
"GRAPHITE FURNACE CPU PCB ASSEMBLY",942341030081,1,
"Spray Chamber Overpressure Disc-kit of 5",942341030111,2,
"DEUTERIUM LAMP",9423-420-30004,1,
"100MM SLOT TI BURNER",942342031021,1,
"SPARE PERISTALTIC PUMP TUBINGL",942346010011,1,
"MEMBRANE DIA 47 PTFE L",942346010021,2,
AUTODILUTOR,942347003201,1,
"SOLVENT INLET FILTER 1/16 OD",A-302,2,
"SOLVENT FILLER 10 UM TEFLON",A4258-010,1,
"STANDARD AAHG1",AAHG1,1,
"STANDARD AANA1",AANA1,1,
"STANDARD AANI1",AANI1,2,
"RED PTFE/WHITE SIL SEPTUM FOR 9MM CAPS"," 100/PK",C4000-60,5,
"10MM TARGET SEPTA"," PTFE 10MILS"," 1000/CS",C4010-10,3,
"Target septa teflon/red rubber 100/pk 1000/cs",C4010-30,5,
SEPTA," TEFLON/SILICONE"," SHIMADZU DUROMETER"," 100/PK"," 1000/CS",C4010-35,11,
"2mL CLEAR TARGET VIAL KIT"," T/S SEPTA",100/PK,C4010-88,2,
"11MM CRIMP SEAL"," TEF/SIL/TEF"," 100/PK"," 1000/CS",C4011-2A,1,
"11MM AMBER TARGET ID"," CRIMP VIAL"," 100/PK"," 20PK/CS",C4011-2W,1,
"CLR SCREW THREAD VIALS12X32MM",100/PK,20P,C4013-1,8,
"8MM TEFLON SEPTA","10MIL 1000/CS",C4013-10,4,
"8MM IVORY TEFLON/RED RUBBER SEPTA"," 100/PK",C4013-30,3,
"8MM TEF/SIL SEPTA"," 60MIL"," 100/PK"," 1000/CS",C4013-60,2,
"WHITE OPEN TOP CAP / SHIMADZU8-425"," 100/PK"," 1000/CS",C4013-98W,2,
"P.E. HEADSPACE VIAL"," 20 ML",23X75," 100/",C4020-2,1,
CHOICE," 25MM SYR FILTER 0.22um"," NYLON"," 100/PK",CH2225-NN,3,
CHOICE," 25MM SYR FILTER 0.45um"," NYLON"," 100PK",CH4525-NN,13,
"CHOICE 25MM"," 0.45UM PTFE"," HYDROPHOBIC",CH4525-NP,8,
CHOICE," 25MM SYR FILTER","0.45um PVDF"," HYDROPHILIC",CH4525-PV,7,
"9MM CLR VT KIT"," T/S SEPTA 100/PK",CHCK9-10PVT,2,
CON10-25,CON10-25,1,
"ULTRASONIC CLEANER",CUB-5,1,
"CITIZEN ELECTRONIC BALANCE",CZ302-300G,1,
PLUNGER," REPLACEMENT"," 25 OUL DUAL SYRINGE",F1123-020,2,
"UPCHURCH 1/16"" PEEK NUT 10/PK",F-120X,1,
"TARGET 13 MM SYRINGE FILTERS NYLON 0.45UM 100/PK",F2513-1,2,
"NYLON SYR FILTER 17MM DIA / 0.2UM PORE SIZE 100PK",F2513-2,1,
"Isotherm General Purpose incubator"," Stainless Steel. 110L"," 115VAC 60Hz",IFA-110-9-SS,1,
PH-10,PH-10,2,
PH-4,PH-4,2,
PH-7,PH-7,2,
"SS CAPILLARY TUBING 1/16 OD"," 0.010 ID"," 20 CM",U-113,1,
"SS CAPILLARY TUBING 1/16 OD"," 0.005 ID"," 10CM",U-153,2,
"SS CAPILLARY TUBING 1/16 OD"," 0.005 ID"," 30CM",U-155,2,
FERRULE," VALCO COMPATIBLE 10/PK",U-321X,1,
"Balanza de precision con bateria interna recargable",VE-300,2,
"COMPACT BENCH SCALES 6KG/12LB 0.1G/0.0002LB",VE-LCB6,1,
"WPS-3000RS Autosampler",5840.001,2,
"WPS-3000SL Autosampler",5822.0010,1,
"LPG 3400SD PUMP",5040.0031,10,
"TCC-3000SD Column oven",5730.0010,1,
"Maintenance Kit HPG 3200 SD",6040.1953,1,
"VWD-3400RS Detector",5074.0010,1,
"DAD-3000SD Detector",5082.0010,1,
"HPG-3200SD PUMP",5040.0021,1,
"4 x Long Path Rectangular Cell Carousel",840-314700,23,
"LPG 3400RS PUMP",5040.0036,1,
"WPS-3000TSL Autosampler",5822.002,0,
"WPS-3000TRS Autosampler",5840.002,0,
"TCC-3000RS Column oven",5730.0000,0,
"VWD-3000SD Detector",5074.0005,0,
"DAD-3000RS Detector",5082.0020,0,
"DAD-FLOW CELL",6082.0100,0,
"VWD-FLOW CELL",6074.0250,0,
"Buffer tubing 100uL","Viper WPS (B)SL"," RS",6820.2466,0,
"Buffer Tubing"," 1000 uL"," SST","WPS PL",FC,6820.0056,0,
"LED Board Frontpanel cpl.",6820.0220,0,
"Evaporation Tube Corona Veo"," VH/VF-D2",6081.1279,0,
"HYPERSIL GOLD 5UM 10X4MMDROP-IN GUARDS 4",25005-014001,0,
"UNIVERSAL UNIGUARD HOLDER FOR4.0/4.6MM I",850-00,0,
"HYPERSIL GOLD 5UM 250X4.6MMCOLUMN",25005-254630,0,
"HYPERSIL GOLD 5UM 150X4MMCOLUMN",25005-154030,0,
"HYPERSIL GOLD 5UM 100X4.6MMCOLUMN",25005-104630,0,
"HYPERSIL GOLD 1.9UM 100X2.1MMCOLUMN",25002-102130,0,
"HYPERSIL GOLD C8 5UM250X4.6MM COLUMN",25205-254630,0,
"HYPERSIL GOLD C8 5UM250X4MM COLUMN",25205-254030,0,
"HYPERSIL GOLD C8 5UM150X4.6MM COLUMN",25205-154630,0,
"HYPERSIL GOLD C8 5UM150X4MM COLUMN",25205-154030,0,
"HYPERSIL GOLD C8 5UM100X4.6MM COLUMN",25205-104630,0,
"HYPERSIL GOLD C8 1.9UM100X2.1MM COLUMN",25202-102130,0,
"HYPERSIL GOLD CN 5UM250X4.6MM COLUMN",25805-254630,0,
"250X4.6MM 5UM HYPERSIL GOLDAMINO",25705-254630,0,
"150X4.6MM 5UM HYPERSIL GOLDSILICA",25105-154630,0,
"BIOBASIC SCX 5UM 250X4.6MMCOLUMN",25005-014001,0,
"BIOBASIC SCX 5UM 150X4.6MMCOLUMN",73205-154630,0,
"ACCLAIM PA2 5UM 4.6X250MM",063199,0,
"ACCLAIM MIX-MODE WCX-1 5UM4.6X150MM",068353,0,
"HYPERSIL GOLD C8 3UM100X4.6MM COLUMN",25203-104630,0,
"TR-WAX MS GC COLUMN 30M0.25MM ID"," 0.5 F",260X224P,0,
"CLEAR SC TARGET VIAL",12X32MM,100/PK,20PK,C4010-1,0,
"TARGET BLUE SCREW CAPS10-425",100/PK,1000,C4010-1A,0,
"TARGET WHITE SCREW THREAD CAP",10-425,100,C4010-98W,0,
"VESSEL DISS CLR 1L UNGRAD SER","100 002",0,
"ACCLAIM PA 5UM 4.6X250MM",061321,0,
"TEFLON FACED SEALS 8MM PK/500.",60180-515,0,
"HYPERSIL GOLD C8 5UM 125X4MMCOLUMN",25205-124030,0,
"HYPERSIL GOLD 5UM 300X4MMCOLUMN",25005-304030,0,
"FOCUSLINER FOR THERMO"," 5MMID",105MM," PK 5",453T1905,0,
"BETASIL C6 5UM 150X4.6MMCOLUMN",70305?154630,0,
"HYPERREZ XP CARBOHYDRATE H+8UM 300X7.7MM",69008-307780,0,
"PEEK CAPILLARY TUBING1/16""OD"," 0.007""ID",,37007,0,
"TR-1 GC COLUMN 30MX0.32MMID"," 0.25?M F",260A143P,0,
"TR-V1 GC COLUMN 30MX0.53MMID"," 3?M FIL",260V396P,0,
"TR-WAX MS GC COLUMN 30M0.32MM ID"," 0.5 F",260X224P,0,
"TR-V1 GC COLUMN 30MX0.32MMID"," 1.8?M F",260V339P,0,
"CARTRIDGE KIT (TRIPLE + 2XCOMBI + BASE)",60180-828,0,
"MANUAL CRIMPER FOR 20MM SEALS",C4020-100,0,
"MANUAL DECRIMPER FOR20MM CRIMP SEALS",C4020-102,0,
"HYPERSEP C18 500MG/6ML PK/30",60108-305,0,
"GC CARTRIDGE COMBI (HC/H2O)",60180-826,0,
"TR-1 GC COLUMN 30MX0.53MMID"," 5?M FILM",260A470P,0,
"GC CARTRIDGE TRIPLE(O2/H2O/HC)",60180-824,0,
"Accucore C18 10x4.6mm2.6um Defender guards pk4",17126-014005,0,
"TR-WAX GC Column 30m x 0.53mm ID"," 1um Film",260W298P,0,
"TR-5MS GC Column 30m x 0.25mm ID"," 0.25um Film",260F142P,0,
"TR-1701 GC COLUMN 30m x 0.25mm ID"," 0.25um FILM",260Q142P,0,
"Graphite Ferrule For Agilent 0.1-0.32 Pk 10",290GA139,0,
"TRACE GC TR-5"," 0.32 x 0.25 x 7",260E113P,0,
"TG-1MS GC COLUMN 30MX0.25MMX 0.25?M",26099-1420,0,
"TR-FAME GC COLUMN 60M X0.25MM ID"," 0.25?M FILM",260M154P,0,
"HYPERREZ XP CARBOHYDRATE CA2+ 8UM 300X7.7MM COLUMN",69208-307780,0,
ACCLAIM," Surfactant Plus"," 5um"," 4.6x150mm",082768,0,
"TG?624 GC Column 30m x 0.32mm x 1.8um",26085-3390,0,
"TG?WAXMS GC Column 60m x 0.32mm x 1um",26088-3090,0,
"TRACE 1300 Mainframe 110V",14800301,0,
"TRACE 1310 Mainframe 110V",14800303,0,
"Instant Connect Split/Splitless (SSL) Injector module",19070010,0,
"Instant Connect Programmable Temperature Vaporizing (PTV) Injector module",19070020,0,
"Instant Connect Flame Ionization Detector (FID) module -",19070001,0,
"Instant Connect Electron Capture Detector (ECD) module with International license (not suitable for US"," Canada and China) -",19070030,0,
"Instant Connect Thermal Conductivity Detector (TCD) module -",19070040,0,
"Instant Connect Flame Photometric Detector (FPD) module",19070096,0,
"Instant Connect Gas Sampling Valve module",19070095,0,
"TRACE 1300/1310 Start-up kit"," must quote when at least one detector module is quoted. If MS is the ONLY detector this kit is NOT needed.",19050720,0,
"Sample loop 1000 ml",19071400,0,
"ISQ 7000"," ExtractaBrite EI source"," NeverVent",ISQ7K-VPI,0,
"Spare ExtractaBrite EI Source Cartridge for any ISQ"," TSQ"," or GC-Orbitrap",1R120404-4100,0,
"Spare Dual Filament for any ISQ or TSQ",1R120404-1940,0,
"Chromeleon 7.2/7.3 SE GC/MS PROMO (single instrument"," single user license with MS Control) - for new GC-MS systems only.",7100.0108-GCMS,0,
"Chormeleon 7.2/7.3 for GC WE - Workgroup Edition (single user"," up to 4 TF instruments convertible in 3rd-party instruments)..",7200.0201-GC-GCMS,0,
1R119266-0011,7350.0104A-GC-GCMS,0,
"CHROMELEON 7.2 License Key - New:",7050.0104A-GC-GCMS,0,
"NIST 2020 MS Library with RI & MS/MS",1R120403-2020,0,
"AI 1310 with 8 sample tray for TRACE 1300 Series GC (for stand alone and GCMS configurations)",25117580,0,
"AS 1310 with 155 sample tray for TRACE 1300 Series GC (for stand alone and GCMS configurations)",25117590,0,
"Dual AS 1310 with 155 sample tray for Gemini Configuration with 1300 Series GC"," includes 2 AS"," cables"," and Gemini bracket",25117591,0,
"Dual AI 1310 with 8 sample tray for Gemini Configuration with 1300 Series GC"," includes 2 AI"," cables"," and Gemini bracket",25117599,0,
Kit," Gemini Autosamplers (AI 1310 and AS 1310) - order this Kit plus the Gemini mounting bracket to make two AI/AS 1310 into Gemini",19050637,0,
"Gemini Bracket for AI/AS 1310 Autosampler on TRACE 1300/1310 GC only - included in all Gemini configurations.",36812783,0,
"Standard Rail TriPlus RSH Base Configuration For Liquid Injections -",1R77010-0100,0,
"Standard Rail TriPlus RSH Base Configuration for Sample Preparation.",1R77010-0150,0,
"Standard Rail TriPlus RSH Base Configuration For Headspace Injection -",1R77010-0200,0,
"Standard Rail TriPlus RSH Base Configuration for Liquid and Headspace Injections -",1R77010-0300,0,
"Automatic Tool Change Station for the storage and automatic changing of up to three syringe tools",1R77010-1019,0,
"Mounting brackets for TRACE 1300 Series GC (includes SSL/PTV adapter nut)",1R77010-1005,0,
"Liquid syringe tool for 57 mm syringe needle (0.5"," 1.0"," 5.0"," 10"," 25"," 50"," 100 uL syringe volume) Syringe not included.",1R77010-1007,0,
"Headspace Syringe Tool for a 2.5 mL syringe with a needle length of 65 mm. Syringe not included.",1R77010-1013,0,
"Standard Data System"," Dell OptiPlex XE3 RAM 32 GB"," M.2 512 GB SSD"," Windows 10 Enterprise LTSC with Dell 24",1R119266-0011,0,
"CS OVN-HRM (120V) ASSY",23661011,0,
"FAN ASSY ISQ",1R120443-0001,0,
"ASSY FAN 60MM - ISQ",1R120443-0002,0,
"4MULTIPLIER REPLACEMENT ISQ",1R76022-14633,0,
"CTR PLATE S/SL",36812738,0,
"SYRINGE GAS TIGHT 2.5ML W/PLGR",19005327,0,
"FID Glow-Plug (Igniter)",40303535,0,
"INSULATOR CERAMIC",30202310,0,
"FIXING NUT FOR COLUMN (set of 5)",35032423,0,
"IonPac AS22 Analytical Column"," 4x250mm",064141,0,
"IonPac AS22 Analytical GuardColumn"," 4x50mm",064139,0,
PROD,"AERS 500c",4MM,085029,0,
"Filter Caps"," 5 mL"," Pkg. of 250 ea.",038009,0,
ASSY,BTL,2L,PLASTIC,GL45,046548,0,
"Dionex ACRS 500 (4mm)",85090,0,
PROD,COL,IP,AS14A,4X250MM,056904,0,
PROD,COL,IP,AG14A,4X50MM,056897,0,
SEAL,WASH,"DURON 14 GOLD",50809,063382,0,
"GENESYS 30 Vis with USA Power Cable",840-277000,0,
"Test-Tube holder for GENESYS 30"," 40"," 50",840-277500,0,
"Tall Test-Tube Cap for GENESYS 30"," 40"," 50",840-277600,0,
"GENESYS 40 Vis with USA Power Cable",840-297000,0,
"GENESYS 50 UV-Vis with USA Power Cable",840-298000,0,
"VISIONlite 5.4 Software + Cable for GENESYS 40-180",840-312300,0,
"GENESYS 150 UV-Vis with USA Power Cable",840-300000,0,
"GENESYS 180 Double Beam UV-Vis with USA Power Cable",840-309000,0,
"5-100mm Path Cylindrical Cell Holder for GENESYS 100 series",840-303100,0,
"GENESYS 8 Position Carousel for 10mm Pathlength Cells",840-303400,0,
"BioMate 160 UV-Vis Life Science Spectrophotometer with USA Power",840-301000,0,
"Evolution 201 Computer Control UV-Vis",840-210800,0,
"Disposable Cell-Acrylic 300-1100 nm",331720-000,0,
"Spectronic standars KIT2",840-253100,0,
"Servicio de mantenimiento y calibraci",N/A,0,
"Servicio de mantenimiento de espectrofotometros UV-VIS",N/A,0,
"Servicio de mantenimiento de equipos HPLC",N/A,0,
"Servicio de mantenimiento y calificacion de equipos HPLC",N/A,0,
"Servicio de mantenimiento de equipo GC",N/A,0,
"Servicio de mantenimiento y calibracion de equipo GC",N/A,0,
"Servicio de mantenimiento de equipo IC",N/A,0,
"C-MAG HS 10",3581401,0,
RT-5,3690601,0,
RT-15,3692601,0,
"EuroStar 20 digital",4442001,0,
"Soportes de pie plano R1825",3160000,0,
"EuroStar 60 digital",4446001,0,
"R270 Pinza en cruz",2657800,0,
"R 2723 Soporte telescopico",1412100,0,
"Ika matrix Orbital Delta F1.5",20025658,0,
"Rotavisc Lo-vi complete",25000310,0,
"Rotavisc me-vi complete",25000311,0,
"IKA Pette vario 0.5-10 ul",20011211,0,
"IKA Pette vario 2-20 ul",20011213,0,
"IKA Pette fixed 10uL",20011220,0,
"IKA Pette fixed 50uL",20011223,0,
"IKA Pette fixed 100uL",20011224,0,
"IKA Pette fixed 200uL",20011225,0,
"Estandar de Acetaminofen"," frasco por 400mg",1003009,0,
"Estandar de Aspirina"," frasco por 500mg",1044006,0,
"Estandar de Acido salicilico"," frasco por 125mg",1609002,0,
"Estandar de Clorfeniramina Maleato"," frasco por 125mg",1123000,0,
"Estandar de Fenilefrina HCl"," frasco por 200mg",1533002,0,
"Estandar de Cafeina"," frasco por 200mg",1085003,0,
"Estandar de Diclofenac Sodico"," frasco por 200mg",1188800,0,
"Compuesto relacionado A de diclofenac sodico"," frasco por 25mg",1188811,0,
"Estandar de Orfenadrina Citrato"," frasco por 200mg",1479009,0,
"Estandar de Aciclovir"," frasco por 300mg",1012065,0,
"Estandar de Guanina"," frasco por 100mg",1302156,0,
"Estandar de Alopurinol"," frasco por 250mg",1013002,0,
"Compuesto relacionado A de Amlodipina"," frasco por 25mg",1029512,0,
"Estandar de Atenolol"," frasco por 200mg",,1044403,0,
"Estandar de Enalapril Maleato"," frasco por 200mg",1235300,0,
"Estandar de Famotidina"," frasco por 125mg",1269200,0,
"Estandar de Furazolidona"," frasco por 200mg",1286800,0,
"Estandar de Hidroclorotiazida"," frasco por 200mg",1314009,0,
"Estandar de Clorotiazida"," frasco por 200mg",1121005,0,
"Compuesto relacionado A de Benzotiadiazina"," frasco por 100mg",1057507,0,
"Estandar de Ibuprofeno"," frasco por 750mg",1335508,0,
"Estandar de Losartan Potasico"," frasco por 150mg",1370462,0,
"Estandar de Mebendazol"," frasco por 200mg",1375502,0,
"Compuesto relacionado D"," de Mebendazol"," frasco por 15mg",1375524,0,
"Estandar de Montelukast monosodico"," frasco por 50mg",1446859,0,
"Estandar de Doxilamina Succinato"," frasco 300mg",1227006,0,
"Estandar de Diciclomina"," frasco por 125mg",1191000,0,
"Estandar de Sulfametoxazol"," frasco por 200mg",1631001,0,
"Estandar de Trimetroprim"," frasco por 300mg",1692505,0,
"Estandar de Tiamina HCl"," frasco por 500mg",1656002,0,
"Estandar de Metronidazol Benzoato"," frasco por 100mg",1442100,0,
"Estandar de 4-aminofenol"," frasco por 100mg",1021204,0,
"Allura Red AC",DRE-C10125000,0,
"Ponceau 4RC (E124)",DRE-C16284000,0,
"Sunset Yellow",DRE-C17048000,0,
"Rotor Seal Kit 2p-6p HP valve SST 103 MPA",6840.0012,0,
"Estandar de Aluminio 125mL.1000 ug/Ml",AAAL1-125ML,0,
"Estandar de Antimonio 125mL.1000 ug/mL",AASB1-125ML,0,
"Estandar de Arsenico 125mL.1000 ug/mL",AAAS1-125ML,0,
"Estandar de Boro 125mL.1000 ug/mL",AAB1-125ML,0,
"Estandar de Calcio 125mL.1000 ug/mL",AACA1-125ML,0,
"Estandar de Cromo 125mL.1000 ug/mL",AACR1-125ML,0,
"Estandar de Cobre 125mL.1000 ug/mL",AACU1-125ML,0,
"Estandar de Hierro 125mL.1000 ug/mL",AAFE1-125ML,0,
"Estandar de Plomo 125mL.1000 ug/mL",AAPB1-125ML,0,
"Estandar de Litio 125mL.1000 ug/mL",AALI1-125ML,0,
"Estandar de Magnesio 125mL.1000 ug/mL",AAMG1-125ML,0,
"Estandar de Manganeso 125mL.1000 ug/mL",AAMN1-125ML,0,
"Estandar de Mercurio 125mL.1000 ug/mL",AAHG1-125ML,0,
"Estandar de Niquel 125mL.1000 ug/mL",AANI1-125ML,0,
"Estandar de Paladio 125mL.1000 ug/mL",AAPD1-125ML,0,
"Estandar de Potasio 125mL.1000 ug/mL",AAK1-125ML,0,
"Estandar de Sodio 125mL.1000 ug/mL",AANA1-125ML,0,
"Estandar de Zinc 125mL.1000 ug/mL",AAZN1-125ML,0,
"Buffer pH 7 500mL",PH-7-500ML,0,
"Buffer pH 7 250mL",PH-7-250ML,0,
"Buffer pH 4 250mL",PH-4-250ML,0,
"Buffer pH 4 500mL",PH-4-500ML,0,
"Buffer pH 10 250mL",PH-10-250ML,0,
"Buffer pH 10 500mL",PH-10-500ML,0,
"Estandar acuoso multielemental. Frasco de 500 mL (Ca"," Cr"," Cu"," Fe"," Mg"," Mn"," Mo"," Ni"," K"," Na"," Se"," V"," Zn) 1000 ppm.",ISQ-103,0,
"Solucion Estandar multielemental de 100 ppm que contiene: Cd"," Cr"," Cu"," Ni"," Pb"," Zn"," Al"," As"," Se"," V"," Fe"," Mn"," Mg"," Ca"," B"," Na"," K"," Li). Frasco por 500 mL",IV-59415,0,
"Estandar multielemental de 100 ppm que contiene: Mo"," Si"," frasco por 500 mL",IV-11950,0,
"Solucion Estandar multielemental de 1000 ppm que contiene: Cd"," Cr"," Cu"," Ni"," Pb"," Zn"," Al"," As"," Se"," V"," Fe"," Mn"," Mg"," Ca"," B"," Na"," K"," Li). Frasco por 500 mL",IV-59414,0,
"Estandar multielemental de 1000 ppm que contiene: Mo"," Si"," frasco por 500 mL",IV-12396,0,
"Solucion estandar de Cloruros (Cl-) 1000 mg/L",ICCL1-500ML,0,
"Isotherm General Purpose Oven"," 110L"," 115VAC 60Hz",OFA-110-9,0,
"Isotherm General Purpose Incubator"," 170L"," 220-240VA 50/60Hz",IFA-170-8,0,
Refrigerator," Upright model"," 1355L "," +2 C to +15 C",HR1-1500S-2,0,
"Airstream ClassII"," Biological Safety Cabinet (S-Series)"," 4ft/1.2m",AC2-4S9,0,
"UV Lamp for 4ft"," 5ft"," 6ft Cabinets except AC3-4B",UV-30A,0,
"Support Stand with Caster Wheels (Height 28 inches) for 4ft cabinets","SPC-4A0 Gen 2",0,
"Benchtop pH-mV Meter",860031,0,
"Servicio de mantenimiento y calibracion de espectrofotometros Absorcion atomica",N/A,0,
"Servicio de mantenimiento de espectrofotometros Absorcion atomica",N/A,0,
"iCE 3300 AA Spectrometer 50mm Burner",942350033301,0,
"iCE 3500 AA Spectrometer 50mm Burner",942350023500,0,
"GFS35Z GRAPHITE FURNACE (ZEEMAN)AND AUTOSAMPLER (N.A)",942359020052,0,
"ICE 3000 SERIES"," S AND MSERIES (MK II) - SPARE DEUTERIUM LAMP FOR BACKGROUND CORRECTOR",942342030004,0,
"SOLAARsecurity upgradesoftware package",942343030001,0,
"SOLAARsecurity factory supplied option",942343030011.00,0,
"SOLAAR Software CD",942343020001,0,
"SOLAAR Data Station(110/120/220/240v)",942339310004,0,
"TF9 B A 115/60 T1 35M IPR SPC",101103010000003,0,
"TF9 B A 208/60 T1 35M IPR SPC",101123010000000,0,
"CETAC Model ASX560 Autosampler",BRE0003260,0,
"CETAC ASX-280 Autosampler",BRE0007611,0,
CETACDustCoverASX-560Base,BRE0020247,0,
CETACDustCoverASX-280Base,BRE0020248,0,
"VP100 VAPOUR GENERATOR L",942346010001,0,
"15 cm Mercury Vapour Cell",942316805641,0,
"VP100 4MM GLASS BEADSL",942346010031,0,
"50mm Titanium Finned Burner",942352031011,0,
"END CAP ASSY",401317203234,0,
"BAFFLE AND SPIDER ASSY",401317203243,0,
"SPRAY CHAMBER ASSY(Basic)",401317203279,0,
"Control Board for iCE3000/M/S series",942341030031,0,
"Carousel Motor & PinionFor S Spare",420217200391,0,
"S Series Carousel C/Form Assy",420217203123,0,
"S Series Carousel PCB",420217941613,0,
"Carousel Moulding Assembly - Grey",420717200101,0,
"Switch Mode Power Supply for S series AA",942315500021,0,
"M1 Mirror & Arm Assy for iCE3300",942315500041,0,
"M Series Drain Tube Assy",420117208121,0,
"FLASHBACK ARRESTOR ACETYLENE",942339346061,0,
"Drain Vessel AA (5 Litre)",942339005471,0,
"AA Spray Chamber Standard O-ring Kit",942339005151,0,
"Capillary Tube 0.4i.d 1mSame081301198107",942339005411,0,
"Screw Adjustable bead Assembly",942339005401,0,
"Nebuliser Probe",942339005441,0,
"Spray Chamber Renovation Kit",942339005461,0,
"CUV EXTENDED LIFETIME(20)",942339395051,0,
"Cone Replacement Tool - Std Furnace",942339395101,0,
"Cone Replacement Tool - Zeeman Furnace",942339395181,0,
"Standard Furnace Users Spares Kit",942345020002,0,
"Zeeman Furnace User Spares Kit",942345020003,0,
"CUV OMEGA PLATF EXT LIFE",942349020101,0,
"Polypropylene Reagent Cups (Pk of 50)",942339380021,0,
"Rinse and drain tubing kit for ASX-280 and ASX-560 autosamplers"," using FEP lined Tygon tubing",BRE0024803,0,
"CETAC 0.3mm ID Carbon Fiber Probe"," 108"," black band",BRE0004296,0,
"CETAC 0.5mm ID Carbon Fiber Probe"," 108"," blue band",942315500161,0,
"CETAC 0.8mm ID Carbon Fiber Probe"," 108"," red band",942315500171,0,
"CETAC 0.9mm ID Carbon Fiber Probe"," 70"," yellow band",BRE0004300,0,
"CETAC 1.0mm ID Carbon Fiber Probe"," 108"," 2xblue band",BRE0004301,0,
"Thumbscrew and O-Ring Kit (probe mount kit)",BRE0004306,0,
"Iron Uncoded HollowCathode Lamp",942339020261,0,
"Sodium Uncoded Hollow Cathode Lamp",942339020111,0,
"Magnesium Uncoded HollowCathode Lamp",942339020121,0,
"Aluminium Uncoded HollowCathode Lamp",942339020131,0,
"Phosphorus Uncoded HollowCathode Lamp",942339020151,0,
"Potassium Uncoded Hollow Cathode Lamp",942339020191,0,
"Calcium Uncoded Hollow Cathode Lamp",942339020201,0,
"Manganese Uncoded Hollow Cathode Lamp",942339020251,0,
"Iron Uncoded HollowCathode Lamp",942339020261,0,
"Cobalt Uncoded HollowCathode Lamp",942339020271,0,
"Nickel Uncoded Hollow Cathode Lamp",942339020281,0,
"Copper Uncoded Hollow Cathode Lamp",942339020291,0,
"Zinc Uncoded HollowCathode Lamp",942339020301,0,
"Molybdenum Uncoded Hollow Cathode Lamp",942339020421,0,
"Cadmium Uncoded Hollow Cathode Lamp",942339020481,0,
"Antimony Uncoded HollowCathode Lamp",942339020511,0,
"Barium Uncoded Hollow Cathode Lamp",942339020561,0,
"Mercury Uncoded HollowCathode Lamp",942339020801,0,
"Lead Uncoded HollowCathode Lamp",942339020821,0,
"Ca/Mg Uncoded Hollow Cathode Lamp",942339321011,0,
"Sodium Data Coded Hollow Cathode Lamp",942339030111,0,
"Magnesium Data Coded Hollow Cathode Lamp",942339030121,0,
"Silicon Data Coded Hollow Cathode Lamp",942339030141,0,
"Phosphorus Data Coded HCL",942339030151,0,
"Calcium Data Coded Hollow Cathode Lamp",942339030201,0,
"Chromium Data Coded Hollow Cathode Lamp",942339030241,0,
"Manganese Data Coded Hollow Cathode Lamp",942339030251,0,
"Iron Data Coded Hollow Cathode Lamp",942339030261,0,
"Cobalt Data Coded Hollow Cathode Lamp",942339030271,0,
"Nickel Data Coded Hollow Cathode Lamp",942339030281,0,
"Copper Data Coded Hollow Cathode Lamp",942339030291,0,
"Zinc Data Coded Hollow Cathode Lamp",942339030301,0,
"Arsenic Data Coded Hollow Cathode Lamp",942339030331,0,
"Selenium Data Coded Hollow Cathode Lamp",942339030341,0,
"Molybdenum Data Coded HCL",942339030421,0,
"Gold Data Coded Hollow Cathode Lamp",942339030791,0,
"Lead Data Coded Hollow Cathode Lamp",942339030821,0,
"ARM/TURNTABLE ROTATE MTR CABLEFORM",401317284524,0,
"FS90 PLUS ARM ROTATION MOTOR/EXTENSN S",401317277832,0,
"GLS Manifold",420516600043,0,
"GLS Top Cup",420516600053,0,
"Hose Set (std) for iCE3000 S and M Mk2",420217200211,0,
"ARM HEIGHT MTR CABLEFORM",401317284533,0,
"Exchange Gas box for M mk II S & iCE3000",EX420217200491,0,
"Servicio de mantenimiento y calibracion de espectrofotometros de Emisi",N/A,0,
"Servicio de mantenimiento de espectrofotometros de Emision de Plasma Acoplado Inductivamente.",N/A,0,
"iCAP PRO Radial",BRE0020753,0,
"iCAP PRO Duo",BRE0020754,0,
"iCAP PRO Radial (made in Germany)",BRE731350,0,
"iCAP PRO Duo (made in Germany)",BRE731351,0,
"iCAP PRO XP Duo (made in Germany)",BRE731355,0,
"iCAP PRO XPS Duo (made in Germany)",BRE731357,0,
"Radial Ceramic D Torch Kit",842312052201,0,
"Duo Ceramic D Torch Kit for iCAP PRO",BRE0024347,0,
"iCAP PRO Duo Aqueous Kit",BRE0019681,0,
"Qtegra ISDS for iCAP PRO ICP-OES software and license card",BRE0020564,0,
"iCAP 6000 Radial M2 mirror (spare)",842315550271,0,
"Ceramic Outer Tube for Radial D Torch",842312052206,0,
"iCAP PRO Multi Element Test Solution",BRE0019659,0,
"Aqueous Mini Drain Tubing",842312052411,0,
"Radial Torch",842312051141,0,
"Duo Torch",842312051241,0,
"Centre Tube 1.5 mm I/D",842312051351,0,
"Centre Tube Ceramic 2mm I/D",842312051361,0,
"Centre Tube 2mm I/D",842312051371,0,
"Centre Tube Holder",842312051381,0,
"Spray Chamber Jacketed",842312051441,0,
"Nebulizer/Spray Chamber Connector Kit",842312051402,0,
"V Groove Nebuliser",842312051321,0,
"Organics Spray Chamber",842312051311,0,
"Extraction Hose Assembly",430116621843,0,
"D Torch Sampling O Ring Kit",842312052213,0,
"Concentric Nebuliser",842312051431,0,
"Cyclonic Spray Chamber",842312051411,0,
"iD5 and Smart iTR USB Controller for Heated ZnSe",222-248000,0,
"iD5 and Smart iTR USB Controller for Heated Diamond",222-248100,0,
"iD5 and Smart iTR USB Controller for Heated Ge",222-248200,0,
"iD1 Transmission Accessory for the Nicolet iS5",714-057000,0,
"iD3 ATR Replacement Accessory Enclosure",714-054200,0,
"iD7 ATR ZnSe Crystal",869-169000,0,
"Nicolet Summit/iS5 Detector Element",714-055900,0,
"Summit/iS5 Tri-Detector Board",714-055500,0,
"iS5 Detector PreAmp",714-055600,0,
"iS5 Electronics Module",714-166500,0,
"iS5 Laser Diode Assembly",714-166600,0,
"Summit/iS5 Desiccant Replacement Kit",714-056200,0,
"iS5 Power Supply 12V 4.16A Switching",714-059200,0,
"Nicolet iS5 LS Ellipse Mirror",714-130700,0,
"iS5N Interferometer",714-164400,0,
iS10," iS20"," iZ10 SMART Transmission Accessory",714-005900,0,
"iS10 Laser w/ Power Supply",714-009800,0,
"iS10/iN10 KBr Modulator Kit",714-012700,0,
"Nic iS10"," iS20"," iZ10 Sample Compartment Window Cartridge",714-012900,0,
iS10," iS20"," iZ10 SMART Transmission Accessory",714-005900,0,
"Nicolet iS10"," iS20"," iZ10 Humidity Indicator Disk",714-014800,0,
"Nicolet iS10/iS20/iN10 to iZ10 Interface Kit",714-009000,0,
"Nicolet iS10"," iS20"," Summit Small KBr Modulator Kit",714-181200,0,
"Nicolet iS10"," iS20"," iZ10 Detector Mirror",714-013500,0,
"Nicolet iS10"," iS20"," iN10 Power Supply",714-014100,0,
"Label Antaris Humidity Disc",017-817400,0,
"Spare Dissecant Package",122-756200,0,
"FT1000 ul (1PC"," 500 TIPS/BAG)",17400012,0,
"FT10 ul (1PC"," 1000 TIPS/BAG)",17400024,0,
MARRM," STIRRER BAR REMOVER"," 1PC/PK",18900015,0,
"10UL SYR FN 51MM M GT GAUGE 22"," FLAT TIP BATCH E05-B6613",36502050,0,
SYRINGE," DUAL"," CONCENTRIC"," 250 UL",00950-01-00128,0,
SEAL," WASH"," POLYETHYLENE"," ACCELA PUMP",00950-01-00129,0,
VLV," CHK"," IN DUAL"," BALL"," ACCELA PUMP"," RoHS",00950-01-00273,0,
VLV," CHK"," OUT"," DUAL"," BALL"," ACCELA PUMP"," RoHS",00950-01-00274,0,
SEAL," PACE"," PEEK"," MS PUMP LDA",00950-01-10013,0,
FRIT," OUTLET FITTING OEM LC PUMP",00950-30009,0,
"PolyVials+Filter Caps"," 250 each"," 5mL",038141,0,
BTL,1L,PLSTC,GL45,045902,0,
PROD," RGN"," EL"," AS14A",056937,0,
PROD,RGNT,REGEN,AN,CONC,2N,H2SO4,"1X75ML (SAME 057559)",057555,0,
"TYGON TUBE 1/4 OD X 1/8 ID",081310898033,0,
"D2 Lamp Uv6000LP",108052,0,
"CONOSTAN Standard S-21"," 300 ppm",150-021-028,0,
"CONOSTAN Standard S-21+K"," 10 ppm",150-021-051,0,
"CONOSTAN Standard S-21+K"," 100 ppm",150-021-052,0,
"CONOSTAN Standard S-21+K"," 50 ppm",150-021-058,0,
"CONOSTAN Standard S-21 150 ppm + K",150-021-893,0,
"CONOSTAN 75cSt Blank Oil",150-075-002,0,
"FT10ML (1PC"," 250 TIPS/BAG)",17400090,0,
"LAB INCUBATOR"," IFA-54-8-SS / INCUBADORA",2100022,0,
"COLLECTING ELECTRODE FID",25901115,0,
"TR-V1 GC COLUMN 60M X 0.32MM ID"," 1.8UM FILM",260V341P,0,
"TRACE TR-WAXMS GC COLUMN"," 0.30M"," 0.53MMID"," 1MM FILM",260X298P,0,
"BDS-HYPERSIL-C8 5UM"," 150X4.6MM",28205-154630,0,
"SILVER INJECTOR SEAL"," 10/PK",29033629,0,
"0.8MM SILTEK INLET SEALS 2PK",290GA092,0,
"GRAPHITE FERRULE 0.45-0.53"," PK 10",290GA140,0,
"SILTITE SS UNION WITH GLT (0.32MM TO 0.32-0.53MM)",290MU499,0,
"GRAPHITE VESPEL FERRULE  FOR 0.32 PK 10",290VT187,0,
"VESPEL/GRAPHITE FERRULE FOR 0.53 (USE 290BT239 NUT) PK 10",290VT188,0,
"NE-4110S LAN MODULE USERGUIDE FOR TRACE GC/FOCUS GC/TRIPLUS",317.110.75,0,
"G10S-G6-EVO60 XENON LAMP",335908-130S,0,
"FIXING NUT FOR COLUMN (SET OF 5)",35053423,0,
"ASSY OVEN BAFFLE TRACE 115V",35408020,0,
"SYRINGE GAS TIGHT 2.5ML NO PLGR",36503006,0,
"GENESYS 20",4001-000,0,
"POLYPROPYLENE REAGENT CUPS (PK OF 12)",401316654651,0,
"PCB-ZEEMAN MAINS FILTER",420117930923,0,
"OMNIC SOFTWARE SUITE FOR FT-IR"," NIR"," AND RAMAN SPECTROSCOPY",430-088504,0,
"WINDOW SILICA 25 X 41.5",430116850301,0,
"CORROSION INHIBITOR 1745199",430122821331,0,
"ICAP 6000 SET UP SOLUTION (LOADED BLANK)",430122821411,0,
"CONN 8MM TO 4F",430122821771,0,
"ICAP ICP - OES CORROSION INHIBITOR",430122842741,0,
"IS5 IR SOURCE",470-421100,0,
"IN10 IR SCREEN HOLDER",470-439300,0,
"SR-3000 Solvent Rack without degasser",5035.9200,0,
ASSY," SEAL"," NDL"," 12"," PK"," AS50",54811,0,
"POWER CORD USA VERSION",6000.1001,0,
"RHEODYNE SS FERRULES 1/16 5/PKG",6000-110,0,
"AVCS CONV KIT"," AMBER VIAL RED PTFE/SILICONE   100/PK",60180-698,0,
"AVCS CONV KIT"," AMBER VIAL RED PTFE/SILICONE   100/PK",60180-698,0,
"PEEKSIL CAPILLARY TUBING 1/16 OD X 0.175MM ID X 50CM",60182-508,0,
"CERAMIC CAPILLARY COLUMN CUTTER FOR FUSED SILICA",60201-318,0,
"Analytical flow cell 13ul SST"," DAD-3000"," MWD-3000",6082-0100,0,
"CM7 Controller Option 3D data acquisition",7000.0020,0,
"CM7 Bundle WSO Workstation Open",7000.0067,0,
"BAF2 DISC  13X2MM",7000-304,0,
"BETASIL C18 125X4MM"," COLUMN",70105-124030,0,
"BETASIL C8 125X4MM"," COLUMN",70205-124030,0,
"CM7 Lice se key New",7050.0104A,0,
"LINEAR STAND"," HOLDS UP TO 6 PIPETTORS",710000859999,0,
"TOPPETTE SINGLE CHANNEL ADJUSTABLE VOLUME 100-1000u",711111049999,0,
"TOPPETTE SINGLE CHANNEL ADJUSTABLE VOLUME 20-200u",711111099999,0,
"TOPPETTE SINGLE CHANNEL PIPETTOR"," ADJUSTABLE VOLUME 50-200uL",711111119999,0,
"AVATAR IR SOURCE",713-015400,0,
"MICROPLUS SINGLE CHANNEL ADJUSTABLE 100-1000UL",713111149999,0,
"EXTERNAL PURGE KIT",714-015000,0,
"IN10 SERVICE ENGINEER TOOL KIT",714-024700,0,
"PURGE WINDOW REPLACEMENT",714-059400,0,
"LRU IS5 LASER DIODE ASSEMBLY",714-16660,0,
"BIOBASIC SCX 5UM 250X4.6MM COLUMN",73205-254630,0,
"Vial with screw cap and septum 2mL"," 500 pcs",742.2SVGC,0,
"SAMPLE LOOP 20-UL SS",7755-022,0,
MS-H-S," CERAMIC COATED"," USA PLUG"," 110/50HZ/60HZ",811121020000,0,
"GENESYS 10S UV-VIS",840-208100,0,
"IS5 PURGE KIT OPTION",840-222200,0,
"ELIX TFE TRACEY SCS WITH SWIVEL",842312051461,0,
"DUO RADIAL VIEW WINDOW",842312051591,0,
"SAMPLE INTRO. SPARES KIT",842312051751,0,
"DUO HIGH SOLIDS KIT",842312051831,0,
"ALUMINIUM UNCODED HOLLOW CATHODE LAMP",842312051831,0,
"ARGON HUMIDIFIER DISPERSION TUBE",842312052111,0,
"ICAP 7000 RADIAL ORGANICS  KIT",842312052311,0,
"ICAP WATER AND GAS TUBING AND CONNECTORS",842315550501,0,
"DUO MK2 RF BOARD",842315550611,0,
"Bench Top Conductivity/ TDS/ Salinity Meter",860032,0,
"ID7 BASE ATR IS5",869-172900,0,
"NICOLET SUMMIT FTIR SPECTROMETER PROMOTION",912A1027,0,
"DM0412 CENTRIFUGE US PLUG 110-240V/50HZ/60HZ",913023410000,0,
"Arsenic Uncoded Hollow Cathode Lamp",942339020331,0,
"CETAC TUBES (1000)",942347004131,0,
"SS SOLVENT INLET FILTER 1/4 X28",A-302A,0,
"Sample Kit Pump Test MIX",A4904-010,0,
"STANDARD AAMN1",AAMN1,0,
"TARGET BLACK SCREW THREAD CAP"," 10-425",C4010-98BLK,0,
"CONOSTAN Multi Element Al"," Ca"," Cr"," Cu"," Fe"," K"," Na"," Ni"," P"," Si"," Sn"," V"," Zn 1000ppm 75cSt",CB0-004-949,0,
"BORON 500ML",CGB1,0,
"1000 ug/mL SELENIUM",CGSE(4)1,0,
"Y 1000ppm 75cSt",CGY1,0,
"Conductivity 125ML",CON1413-25-125ML,0,
"Conductivity 500ML",CON1413-25-500ML,0,
"CITIZEN ELECTRONIC SCALE",CTG-15-R,0,
SYRINGE," DUAL"," CONCENTRIC"," 250 UL",F1100-020,0,
"1000 ug/mL PHOSPHATE",ICP041-125ML,0,
"1000 ug/Ml CA"," CU"," FE"," K"," MG"," MN"," NA",INSTRUQ-7,0,
"STANDARD ISQ-35",ISQ-35,0,
"1000 ug/Ml: AL"," CU"," FE"," MG"," MN"," NI"," PB"," ZN",ISQ-76,0,
"CHROMACOL SELECT PACK: GC 2-SVW TRACE 1PK",TTRK,0,
"UPCHURCH VALCO COMPATIBLE MALE NUT 10/PK",U-320X,0,
"UPCHURCH FERRULE"," 1/16 10.32 10/PK",U-401X,0,
ISQ-3,Z18042E,0,
"Fluoruro de sodio 125mL/ISQ-41",Z26031E,0,
"Nitrito de Sodio ISQ-39",Z26032H,0,
"Nitrate / ICN031 ISQ40",Z26033H,0,
"G10S SERIES LID SPRING",714-114000,0,
"BLOCK MOUNTING AS-DV",068875,0,
"LRU FXTR FILTER WHEEL GAP ADJUSMENT",714-177900,0,
"BETASIL C6 150X4.6MM",70305-154630,0,
"CUP REDUCING RING",942339380071,0,
"10UL SYR FN 50MM M GA 26 BEVEL TIP",365D1091,0,
"GATE PLATE",AS1-1572,0,
"GV SEAL 1",AS1-1573,0,
"GV SEAL 2",AS1-1578,0,
"SPRING ARM (1EA)",AS1-1595,0,
"PIPETTE TIP 1000UL"," PK/500",20017826,0,
"ANALYTICAL BALANCE (INTERNAL CALIBRATION( 220G/0.1MG",VE-204,0,
"COMPACT BENCH SCALES 12KG/25LB 0.1G/0.0002LB",VE-LCB12,0,
"ULTRASONIC CLEANER",CUB-10,0,
"ULTRASONIC CLEANER",CUB-2.5,0,
"PASTA DE DIENTES KID-5070",KID-5070,0,
